dsc_avenida;dsc_int_anterior;dsc_int_siguiente;latitud;longitud
8 de Octubre;Cipriano Miro;Serrato;-34.874790;-56.140310
Agraciada;C M Ramirez;Freire;-34.855372;-56.221586
Bv Artigas;Cufre;Gral Flores;-34.870230;-56.173220
Bv Artigas;Garibaldi;Martin Fierro;-34.883460;-56.166214
Bv Batlle y Ordonez;8 de Octubre;Cabrera;-34.880461;-56.146350
Colonia;German Barbato;Ejido;-34.904613;-56.186306
E V Haedo;Paullier;Acevedo Diaz;-34.896109;-56.167913
Ejido;18 de Julio;Colonia;-34.905312;-56.186851
Julio Herrera y Obes;Mercedes;Colonia;-34.904753;-56.194854
L A de Herrera;Rambla;26 de Marzo;-34.905897;-56.136828
L A de Herrera;Setembrino Pereda;Varela S;-34.869125;-56.166318
Rambla;Montero;Solano Antuna;-34.919713;-56.148934
Requena;18 de Julio;Colonia;-34.899083;-56.170060
San Jose;Andes;Convencion;-34.907371;-56.197516
Suarez;Lucas Obes;Bv Artigas;-34.871423;-56.196600
21 de Setiembre;Sarmiento;Bv Artigas;-34.913284;-56.162377
8 de Octubre;Avelino Miranda;Presidente Berro;-34.892460;-56.162690
Av Brasil;Benito Blanco;26 de Marzo;-34.911658;-56.151278
Av Italia;Bolonia;Ancona;-34.882306;-56.081664
Av Italia;Matias Abacu;L A de Herrera;-34.888729;-56.147789
Bv Artigas;L A de Herrera;Gallinal;-34.871960;-56.167490
Bv Batlle y Ordonez;Canstatt;Larranaga;-34.875409;-56.153225
Bv Batlle y Ordonez;Ramon Anador;Av Italia;-34.887473;-56.136820
Cerro Largo;Yaguaron;Rondeau;-34.901163;-56.190841
Garibaldi;Centenario;8 de Octubre;-34.889810;-56.159280
Gral Flores;Av de las Leyes;Yatay;-34.889350;-56.186440
L A de Herrera;Gral San Martin;Gral Flores;-34.866440;-56.172620
Raissignier;Cno Carrasco;8 de Octubre;-34.871110;-56.134320
Rivera;14 de Julio;Rosell y Rius;-34.903100;-56.147470
San Quintin;Santa Lucia;Garzon;-34.852648;-56.223283
Saravia;Mendoza;Gral Flores;-34.833109;-56.145628
Suarez;Grito de Asencio;Bv Artigas;-34.872536;-56.196429
8 de Octubre;Bv Batlle y Ordonez;Sanguinetti;-34.878660;-56.146580
Av Italia;Avelino Miranda;Bv Artigas;-34.894478;-56.163857
Belloni;8 de Octubre;Acceso Terminal S;-34.854810;-56.132300
Benito Blanco;21 de Setiembre;Bv Espana;-34.915828;-56.149900
Bv Artigas;18 de julio;Canaro;-34.898792;-56.164361
Bv Batlle y Ordonez;Cardal;Av Italia;-34.885883;-56.138918
Carreras Nacionales;Sainz Rosas;Gral Flores;-34.844938;-56.152969
Gral Flores;Gallinal;Garibaldi;-34.875670;-56.178980
Hipolito Yrigoyen;Igua;Av Italia;-34.885966;-56.110576
L A de Herrera;Gualeguay;Gral Flores;-34.867630;-56.170840
Rambla;Gral Paz;Gallinal;-34.895172;-56.089158
Rambla;L A de Herrera;Buxareo;-34.909600;-56.140944
Ricaldoni;Albo;Canning;-34.894549;-56.159502
Rio Negro;Libertador;Colonia;-34.904899;-56.193673
26 de Marzo;Pereira;Av Brasil;-34.911057;-56.151196
Av Italia;Mataojo;Solano Lopez;-34.886792;-56.129075
Avelino Miranda;8 de Octubre;Bv Artigas;-34.893083;-56.164427
Bv Batlle y Ordonez;Cabrera;8 de Octubre;-34.879770;-56.147220
Bv Batlle y Ordonez;Carafi;Garzon;-34.827224;-56.220600
Garzon;Ariel;Millan;-34.833855;-56.221645
Millan;Eugenio Alsina;Garzon;-34.834099;-56.222302
Morquio;Ricaldoni;Bv Artigas;-34.897095;-56.163972
Ponce;Rivera;Bv Artigas;-34.904713;-56.162828
Rivera;Arenal Grande;Brandzen;-34.902055;-56.174177
8 de Octubre;Mariano Moreno;Cibils;-34.883520;-56.155450
Av Italia;Gallinal;Hipolito Yrigoyen;-34.886696;-56.109244
Bv Artigas;Penco;Gral Flores;-34.870410;-56.175380
Bv Espana;Ellauri;Benito Blanco;-34.914897;-56.150400
C M Ramirez;Camambu;Acceso Ta-Ta;-34.873417;-56.246279
Canelones;Acevedo Diaz;Bv Artigas;-34.906735;-56.164427
Garibaldi;Pando;Gral Flores;-34.876080;-56.180390
Joanico;Bv Batlle y Ordonez;Larranaga;-34.880150;-56.151490
L A de Herrera;Demostenes;Rivera;-34.900257;-56.139215
L A de Herrera;Francisco Simon;Asilo;-34.883210;-56.151520
Magallanes;Mercedes;Colonia;-34.901957;-56.180331
Rambla;L A de Herrera;26 de Marzo;-34.906333;-56.133078
Rodo;Requena;Bv Artigas;-34.902829;-56.164944
Agraciada;Grito de Asencio;Bv Artigas;-34.873261;-56.201531
Alejandro Korn;Rambla Euskal Erria;Av Italia;-34.886948;-56.118688
Av Italia;Hipolito Yrigoyen;Gallinal;-34.886028;-56.100543
Bolivia;Rivera;Av Italia;-34.884218;-56.082956
Bv Artigas;Gral Flores;Penco;-34.870392;-56.177658
Bv Artigas;Hocquart;Miguelete;-34.890943;-56.165560
Bv Artigas;Martin Fierro;Garibaldi;-34.884592;-56.166100
Bv Espana;Libertad;Bv Artigas;-34.911249;-56.162091
Evaristo Ciganda;Millan;Agraciada;-34.876570;-56.197230
L A de Herrera;Placido Ellauri;Rivera;-34.901934;-56.138191
Rambla;Arrascaeta;Hipolito Yrigoyen;-34.895919;-56.109447
Rambla;Morales;Jackson;-34.914494;-56.173994
Rivera;Bv Artigas;Ponce;-34.902720;-56.162320
Rivera;Colombes;Asturias;-34.894310;-56.118470
Sarmiento;Requena;Rambla;-34.915369;-56.168358
18 de Julio;Eduardo Acevedo;Rivera;-34.901707;-56.175376
26 de Marzo;Tezanos;Bonavita;-34.905325;-56.134761
Av Brasil;Brito del Pino;Bv Artigas;-34.906097;-56.162718
Bolivia;Cno Carrasco;Av Italia;-34.882342;-56.083577
Bv Artigas;Ponce;Canelones;-34.906600;-56.163642
Camambu;Ruta 1;C M Ramirez;-34.869977;-56.239758
Daniel Munoz;Martin C Martinez;Acevedo Diaz;-34.895946;-56.168014
Ellauri;21 de Setiembre;Bv Espana;-34.914572;-56.153585
L A de Herrera;Placido Ellauri;26 de Marzo;-34.905423;-56.137037
Libertador;Uruguay;Mercedes;-34.903623;-56.193266
Paraguay;18 de Julio;Colonia;-34.905501;-56.192532
Soriano;Convencion;Andes;-34.908243;-56.197326
Uruguay;Arenal Grande;Fernandez Crespo;-34.898911;-56.176615
Yaguaron;Colonia;18 de Julio;-34.905242;-56.188052
Agraciada;Hermanos Gil;Bv Artigas;-34.871494;-56.202848
Av Italia;Caldas;Colombes;-34.887157;-56.118535
Av Italia;Zum Felde;Bolivia;-34.883363;-56.085006
Bv Espana;Rambla;Benito Blanco;-34.915119;-56.149044
Gral Flores;Gallinal;Bv Artigas;-34.871100;-56.175180
Libertador;Mercedes;Colonia;-34.904899;-56.193673
San Jose;Rio Negro;Paraguay;-34.907094;-56.193086
Saravia;Belloni;Gral Flores;-34.833040;-56.143735
Solano Lopez;Av Italia;Asamblea;-34.894430;-56.122980
Uruguayana;12 de Diciembre;Bv Artigas;-34.873600;-56.204285
Varela;Bv Batlle y Ordonez;L A de Herrera;-34.869993;-56.165974
Av Italia;Las Heras;L A de Herrera;-34.889274;-56.148441
Av Italia;Solano Lopez;Mataojo;-34.887117;-56.122775
Bv Artigas;Maturana;Uruguayana;-34.873040;-56.205170
Bv Artigas;Ponce;Canelones;-34.906121;-56.163729
Bv Batlle y Ordonez;Joanico;8 de Octubre;-34.878960;-56.148300
Centenario;Cibils;L A de Herrera;-34.883490;-56.152320
Gral Flores;Bv Batlle y Ordonez;Salari;-34.861922;-56.168100
Luis Batlle Berres;Tomkinson;C M Ramirez;-34.858360;-56.227729
Mercedes;Andes;Convencion;-34.904463;-56.197815
Ricaldoni;Ponce;Merola;-34.897084;-56.159030
Sarmiento;Rambla;Requena y Garcia;-34.915536;-56.168299
26 de Marzo;Bonavita;Tezanos;-34.905258;-56.134153
Av Italia;Santa Monica;Cooper;-34.878111;-56.068061
Carreras Nacionales;Juan Acosta;Gral Flores;-34.844055;-56.154553
Comercio;8 de Octubre;Av Italia;-34.886170;-56.130966
Gral Flores;Corrales;Carreras Nacionales;-34.845098;-56.154306
Joanico;Comercio;Bv Batlle y Ordonez;-34.878133;-56.148014
L A de Herrera;Marne;Entrada Nuevocentro;-34.868283;-56.169768
Mendoza;Saravia;Gral Flores;-34.837028;-56.149465
Paullier;E V Haedo;Colonia;-34.897433;-56.169554
Ponce;Av Brasil;Rivera;-34.903500;-56.161940
Rambla;Pereyra;Paiva;-34.904958;-56.128464
San Martin;Dr Magested;Bv Artigas;-34.869951;-56.181996
Solano Lopez;Rivera;Rambla;-34.897400;-56.120289
Soriano;Gutierrez Ruiz;Paraguay;-34.907839;-56.191690
Uruguayana;Capurro;Bv Artigas;-34.872699;-56.205994
18 de Julio;Andes;Convencion;-34.906393;-56.197508
8 de Octubre;Cibils;Mariano Moreno;-34.884180;-56.155480
8 de Octubre;Gral Villagran;Raissignier;-34.869880;-56.134890
Aramburu;Terra;Gral Flores;-34.882790;-56.181890
Arenal Grande;Mercedes;Colonia;-34.899763;-56.174753
Av Italia;Bolivia;Ancona;-34.882333;-56.081649
Benito Blanco;Buxareo;Julio Cesar;-34.906759;-56.140034
Burgues;San Martin;Bv Artigas;-34.871627;-56.185855
Bv Artigas;Accesos;Uruguayana;-34.873224;-56.205881
Bv Artigas;Canelones;Bv Espana;-34.910816;-56.163367
Bv Artigas;Colorado;Caraguata;-34.877335;-56.166706
Bv Artigas;Nueva Palmira;Garibaldi;-34.884889;-56.166067
C M Ramirez;Puerto Rico;Grecia;-34.874317;-56.252240
Cerro Largo;Magallanes;Ejido;-34.900766;-56.186738
Colonia;Arenal Grande;Fernandez Crespo;-34.900375;-56.175142
Comercio;Joanico;8 de Octubre;-34.875750;-56.143440
Garzon;Ariel;Bv Batlle y Ordonez;-34.828295;-56.220047
Garzon;San Quintin N;Emancipacion;-34.850334;-56.223620
Gral Flores;Aramburu;Blandengues;-34.883180;-56.182980
Gral Flores;Blandengues;Aramburu;-34.882920;-56.182840
Larravide;Isla de Gaspar;8 de Octubre;-34.874480;-56.138380
Rambla;Bv Batlle y Ordonez;Solano Lopez;-34.898872;-56.121019
Rivera;Bv Artigas;Acevedo Diaz;-34.902088;-56.164534
20 de Febrero;Cno Carrasco;8 de Octubre;-34.867070;-56.134340
8 de Octubre;Serrato;Cipriano Miro;-34.874910;-56.140170
Av Brasil;26 de Marzo;Benito Blanco;-34.913389;-56.150044
Bv Artigas;Bv Espana;Canelones;-34.907443;-56.163561
Bv Artigas;Colorado;Caribes;-34.880982;-56.166511
Bv Artigas;Millan;Burgues;-34.871279;-56.187329
Bv Batlle y Ordonez;Pereyra;Rivera;-34.898010;-56.124030
C M Ramirez;Llupes;M Herrera y Obes;-34.857615;-56.225499
Corrales;Guillermo Laborde;Gral Flores;-34.846179;-56.156252
Francisco Urdaneta;Uruguayana;Agraciada;-34.875762;-56.199447
Garzon;Casavalle;Saravia;-34.814485;-56.220677
Garzon;Saravia;Casavalle;-34.813389;-56.220474
Gral Flores;Quesada;L A de Herrera;-34.866070;-56.171180
Miguelete;Magallanes;Fernandez Crespo;-34.896064;-56.182073
Paraguay;Canelones;Soriano;-34.908372;-56.192213
Uruguay;Vazquez;Ejido;-34.902768;-56.186559
21 de Setiembre;Bv Espana;Bv Artigas;-34.912363;-56.164099
26 de Marzo;L A de Herrera;Bonavita;-34.905612;-56.135593
Agraciada;Av de Las Leyes;Marcelino Sosa;-34.889938;-56.187259
Av Italia;L A de Herrera;Las Heras;-34.889656;-56.149612
Burgues;L A de Herrera;Bv Artigas;-34.870429;-56.185998
Bv Artigas;Gallinal;L A de Herrera;-34.870406;-56.167448
Bv Artigas;Palmar;Canaro;-34.899594;-56.164421
Bv Artigas;Palmar;Rivera;-34.900440;-56.164380
Bv Batlle y Ordonez;Rousseau;Monte Caseros;-34.876518;-56.151419
Capurro;Uruguayana;Agraciada;-34.868470;-56.206937
Ejido;Canelones;Soriano;-34.907976;-56.186627
Garibaldi;Amezaga;Bv Artigas;-34.884370;-56.166584
Grito de Asencio;Suarez;Agraciada;-34.875242;-56.198863
Larranaga;Joanico;Gloria;-34.878080;-56.152121
M Herrera y Obes;Angel Salvo;C M Ramirez;-34.858336;-56.225519
Marcelino Sosa;Yatay;Agraciada;-34.889123;-56.187513
Ponce;Ricaldoni;Rivera;-34.902150;-56.160830
Rambla;Montero;Bv Espana;-34.916417;-56.148942
Rivera;Acceso Cementerio;Tezanos;-34.899740;-56.130830
San Jose;Aquiles Lanza;Ejido;-34.906626;-56.187543
Solano Garcia;Bv Artigas;Ellauri;-34.922876;-56.159058
Solano Lopez;Rivera;Av Italia;-34.887512;-56.129107
Zufriategui;Coraceros;Agraciada;-34.862684;-56.212248
18 de Julio;Arenal Grande;Fernandez Crespo;-34.901274;-56.174566
Av Italia;Cooper;Bolonia;-34.880827;-56.077112
Bv Artigas;Hocquart;Nueva Palmira;-34.889533;-56.165523
Bv Batlle y Ordonez;Ramon Anador;Rivera;-34.896940;-56.125230
Colonia;Acevedo Diaz;Paullier;-34.897857;-56.168614
Fernandez Crespo;18 de Julio;Colonia;-34.901342;-56.175176
Fernandez Crespo;La Paz;Miguelete;-34.896103;-56.181280
Garibaldi;Urquiza;8 de Octubre;-34.888870;-56.160850
Garzon;Calderon de la Barca;Duran;-34.799264;-56.224509
Gral Caraballo;Mendoza;Agraciada;-34.885789;-56.192950
Hipolito Yrigoyen;Rivera;Av Italia;-34.887927;-56.110028
Hocquart;Justicia;Bv Artigas;-34.888996;-56.166795
Larranaga;Monte Caseros;Joanico;-34.879760;-56.152480
Lezica;Calderon de la Barca;Eduardo Raiz;-34.804487;-56.224491
Miguelete;Justicia;Bv Artigas;-34.891865;-56.166402
Millan;Bell;Garzon;-34.834811;-56.221060
Rambla;Errazquin;Sarmiento;-34.916586;-56.168989
Soca;Gestido;Rivera;-34.903760;-56.155750
Soriano;Santiago de Chile;Ejido;-34.907420;-56.185940
Zum Felde;Cno Carrasco;Av Italia;-34.884989;-56.095851
8 de Octubre;Sanguinetti;Bv Batlle y Ordonez;-34.878660;-56.147140
Av Italia;Bolivia;Zum Felde;-34.884675;-56.094573
Bv Artigas;Canning;Av Italia;-34.895963;-56.164818
Bv Artigas;Goes;Av Italia;-34.893284;-56.165144
Bv Artigas;San Martin;Ramon Marquez;-34.870833;-56.183974
Bv Artigas;Suarez;Agraciada;-34.872063;-56.201165
Bv Batlle y Ordonez;Av Sayago;Garzon;-34.827908;-56.219441
Nueva Palmira;Monte Caseros;Bv Artigas;-34.888009;-56.165199
Rivera;Acceso Cementerio;Bv Batlle y Ordonez;-34.897900;-56.125370
Rivera;Ponce;Bv Artigas;-34.902620;-56.163050
San Martin;Garibaldi;Bv Artigas;-34.871684;-56.182516
18 de Julio;8 de Octubre;Bv Artigas;-34.897926;-56.165434
Acevedo Diaz;Garibaldi;Ferrer Serra;-34.894152;-56.167498
Amezaga;Arenal Grande;Gral Flores;-34.886220;-56.183720
Andes;18 de Julio;Colonia;-34.906008;-56.198115
Av Brasil;Ellauri;26 de Marzo;-34.911150;-56.151809
Av Italia;Matias Abacu;Francisco Simon;-34.887681;-56.144224
Bv Artigas;Sosa;21 de Setiembre;-34.913860;-56.162715
Bv Batlle y Ordonez;Ramon Anador;Rivera;-34.897320;-56.124630
Corrales;J P Varela;Gral Flores;-34.847027;-56.154642
Garibaldi;Monte Caseros;Bv Artigas;-34.885500;-56.164789
Gral Flores;Carreras Nacionales;Corrales;-34.845630;-56.154883
L A de Herrera;Rambla;26 de Marzo;-34.906172;-56.136634
Rambla;Bv Espana;Montero;-34.922861;-56.152192
Rambla;Sarmiento;Errazquin;-34.929158;-56.160908
San Martin;Martin Garcia;Agraciada;-34.887872;-56.188664
Zum Felde;Rivera;Av Italia;-34.885027;-56.095617
